wwf_row_id,seafood_category,main_common_name,secondary_common_name,scientific_name,sustainability_rating,origin,production_method_final,certification,alternatives_under_wwf_malaysia_improvement_project,source_pdf_page,canonical_fish_id,fish_type,description,short description,context
6,Fish,Alaskan Pollock,-,Gadus chalcogrammus,Reduce,USA,Bottom trawl (Wild caught),,,1,,Marine pelagic fish,A cold-water schooling whitefish that forms an important commercial fishery in the North Pacific.,"Cold-water whitefish with mild flavour, widely caught in the North Pacific.","WWF notes Alaska pollock shares waters with protected species such as Steller sea lions, Chinook salmon and sharks. Bycatch is relatively low, but bottom trawling can affect sponge beds and sedimentary habitat. These ecosystem and habitat concerns support a Reduce rating."
7,Fish,Albacore Tuna,-,Thunnus alalunga,Best Choice,South Africa,Pole and line (Wild caught),,,1,,Marine pelagic fish,"A highly migratory tuna with firm, pale meat, commonly found in temperate and tropical open-ocean waters.","Firm, pale-fleshed tuna found across temperate and tropical open oceans.","WWF notes Albacore Tuna is highly migratory and Near Threatened. The cited southern-stock assessment no longer considered the stock overfished or undergoing overfishing, while South African pole-and-line fishing is comparatively selective. These factors support the Best Choice rating for this record."
8,Fish,Atlantic Bluefin Tuna,-,Thunnus thynnus,Avoid,Atlantic Ocean,Pelagic longlines (Wild caught),,,1,,Marine pelagic fish,"A large, fast-swimming tuna that migrates across the open Atlantic and is highly valued in premium seafood markets.",Large migratory tuna prized for its rich meat and premium seafood appeal.,"WWF highlights very high bycatch in Atlantic pelagic longlines, including protected seabirds, sharks, marine mammals, turtles and billfishes. Bluefin also occupies a high trophic level, so heavy fishing can affect wider food webs. These impacts support an Avoid rating."
9,Fish,Atlantic Cod,-,Gadus Morhua,Reduce,Russia (Barrent sea),Long lines/ gillnets (Wild caught),,,1,,Marine demersal fish,"A cold-water cod species associated with northern Atlantic waters and valued for its mild, flaky flesh.","Mild, flaky cold-water fish associated with northern Atlantic waters.","WWF reports the North-East Arctic cod stock was healthy in its cited assessment and covered by a good management plan. Closures protect juveniles and management measures help control fishing and illegal, unreported and unregulated activity. Despite these positives, this Russian Barents Sea record is rated Reduce."
10,Fish,Atlantic Salmon,-,Salmo salar,Reduce,Norway,Floating net cages (Farmed),,,1,,Marine fish,"A widely farmed salmon with pink-orange flesh, raised in marine cages and commonly sold fresh or smoked.",Pink-orange salmon widely farmed and sold fresh or smoked.,"WWF explains that Norwegian floating net-pen salmon farms interact directly with marine waters. Waste, uneaten feed and antibiotics can affect sediments, while escapes, disease, parasites and chemical use can affect ecosystems. These environmental risks support a Reduce rating for this farmed record."
11,Fish,Bakulan,Skipjack,Katsuwonus pelamis,Reduce,Malaysia (Sabah),Purse seine (Wild caught),,,1,,Marine pelagic fish,A small tropical tuna that travels in schools through warm ocean waters and is widely used in Southeast Asian fisheries.,Small tropical tuna that schools through warm Southeast Asian waters.,WWF rates Bakulan Reduce for the stated Malaysia (Sabah) Purse seine record. Reduce covers fisheries at risk of becoming unsustainable or aquaculture with environmental risks. Consumers are advised to eat it occasionally when Best Choice options are unavailable.
13,Fish,Bawal Emas,Snubnose Pompano,Trachinotus blochii,Best Choice,Malaysia (Peninsular),Cage Culture (Farmed),,,1,,Marine fish,"A warm-water pompano with a streamlined body, often associated with coastal waters and marine aquaculture.",Warm-water pompano associated with coastal waters and marine aquaculture.,WWF rates Malaysian Peninsular cage-cultured Bawal Emas Best Choice. The guide describes the species as associated with rocky and coral reefs and inshore habitats and notes its popularity in Malaysian aquaculture. Best Choice is reserved for preferred seafood from well-managed stocks or lower-impact aquaculture.
14,Fish,Bawal Hitam,Black Pomfret,Parastromateus niger,Reduce,Malaysia,Trawl (Wild caught),,,1,,Marine demersal fish,"A deep-bodied pomfret with a distinctive dark body, commonly sold in Malaysian seafood markets.",Dark-bodied pomfret commonly sold in Malaysian seafood markets.,WWF rates Bawal Hitam Reduce for the stated Malaysia Trawl record. Reduce covers fisheries at risk of becoming unsustainable or aquaculture with environmental risks. Consumers are advised to eat it occasionally when Best Choice options are unavailable.
15,Fish,Bawal Putih,Chinese Silver Pomfret,Pampus chinensis,Avoid,Malaysia,Gillnets (Wild caught),,,1,,Marine demersal fish,A silver-bodied pomfret found over muddy coastal seabeds and widely consumed across Asian markets.,Silver pomfret found over muddy coastal seabeds and widely eaten across Asia.,"WWF notes Chinese Silver Pomfret is mainly caught by trawl. The guide describes trawling as highly detrimental because it is non-selective, can damage habitat and can create bycatch of endangered, threatened and protected species. These fishing-method impacts support an Avoid rating."
16,Fish,Belanak,Longfin Grey Mullet,Valamugil cunnesius,Best Choice,Malaysia,Gillnets (Wild caught),,,1,,Marine-estuarine fish,"A coastal mullet associated with estuaries and shallow waters, recognised for its elongated body and fine-textured flesh.",Coastal mullet from estuaries and shallow waters with fine-textured flesh.,"WWF rates Belanak Best Choice for the stated Malaysia Gillnets record. Best Choice is reserved for preferred seafood from well-managed, non-overexploited fisheries or lower-impact aquaculture. WWF therefore presents this record as a preferred seafood option."
17,Fish,Bulu Ayam (Ikan Masin),Grenadler Anchovy,Coilia spp.,Reduce,Malaysia (Peninsular),Other Seine (Wild caught),,,1,,Marine pelagic fish,A small anchovy-like fish used locally as dried or salted seafood and associated with Malaysian coastal fisheries.,Small anchovy-like fish commonly prepared dried or salted in Malaysia.,WWF rates Bulu Ayam (Ikan Masin) Reduce for the stated Malaysia (Peninsular) Other Seine record. Reduce covers fisheries at risk of becoming unsustainable or aquaculture with environmental risks. Consumers are advised to eat it occasionally when Best Choice options are unavailable.
18,Fish,Bulus,Silver Sillago,Sillago sihama,Avoid,Malaysia,Trawl (Wild caught),,,1,,Marine demersal fish,A small silver fish that lives over sandy and muddy coastal bottoms and is commonly caught in nearshore fisheries.,Small silver fish found over sandy and muddy coastal bottoms.,WWF rates Bulus Avoid for the stated Malaysia Trawl record. Avoid covers unsustainable or overfished fisheries and aquaculture systems with negative environmental impacts. SukaSeafood should communicate this as a high-risk choice without adding unsupported reasons.
19,Fish,Cencaru,Hardtail Scad,Megalaspis cordyla,Best Choice,Malaysia,Purse seine/ Gillnet Trawl (Wild caught),,,1,,Marine pelagic fish,A robust coastal scad that forms schools in tropical waters and is a familiar fish in Malaysian markets.,Robust schooling scad and a familiar fish in Malaysian markets.,"WWF rates Cencaru Best Choice for the stated Malaysia Purse seine/ Gillnet Trawl record. Best Choice is reserved for preferred seafood from well-managed, non-overexploited fisheries or lower-impact aquaculture. WWF therefore presents this record as a preferred seafood option."
20,Fish,Chinook Salmon,-,Oncorhynchus tshawytscha,Best Choice,Alaska,Pelagic gillnets (Wild caught),,,1,,Anadromous fish,"A large Pacific salmon known for its rich flavour and dark flesh, migrating between the ocean and freshwater rivers.",Large Pacific salmon known for rich flavour and dark flesh.,"WWF says cited Alaskan Chinook salmon fisheries are managed by the Alaska Department of Fish and Game and the stocks are healthy. Area-specific commercial regulations, Fishery Improvement Projects and partial MSC certification support management. These measures support the Best Choice classification for this fishery."
22,Fish,Hoki,-,Macruronus novaezelandiae,Reduce,New Zealand,Mid-water trawl (Wild caught),,,1,,Marine demersal fish,A long-bodied cold-water fish commonly caught around New Zealand and used widely as a white-fleshed seafood.,Long-bodied cold-water fish from New Zealand with white flesh.,"WWF notes New Zealand hoki is caught with mid-water otter trawls. Bycatch and juvenile catch can be significant, and interactions with protected species may be high. Discards are low and seabed contact is unlikely, reducing habitat impact. The balance of risks and mitigations leads WWF to Reduce."
23,Fish,Ikan Bilis,Anchovies,Stolephorus spp.,Reduce,Malaysia,Purse seine/ Lift nets (Wild caught),,,1,,Marine pelagic fish,"Small schooling anchovies widely used fresh, dried or fermented in Malaysian cuisine and coastal food traditions.","Small anchovies widely used fresh, dried or fermented in Malaysian cuisine.",WWF rates Ikan Bilis Reduce for the stated Malaysia Purse seine/ Lift nets record. Reduce covers fisheries at risk of becoming unsustainable or aquaculture with environmental risks. Consumers are advised to eat it occasionally when Best Choice options are unavailable.
24,Fish,Ikan Delah / Tauhu,Yellowtail Fusiler,Caesio cuning,Avoid,Malaysia,Pelagic gillnets (Wild caught),,,1,,Marine reef fish,"A colourful fusilier that forms schools around reefs and coastal waters, often encountered in tropical Southeast Asian fisheries.",Colourful schooling fusilier found around reefs and tropical coastal waters.,"WWF describes this Malaysian fishery as data deficient, with limited stock and biological information. Given widespread overfishing across the Indo-Pacific, stocks are considered likely to be overfished or undergoing overfishing. Bottom-set gillnets can also be non-selective and affect protected species, supporting Avoid."
25,Fish,Ikan Gelama,Croakers,Sciaenidae spp.,Avoid,Malaysia,Bottom Trawl (Wild caught),,,1,,Marine demersal fish,A group of coastal croakers that often live near muddy bottoms and estuaries and produce characteristic drumming sounds.,Coastal croaker group associated with muddy bottoms and estuaries.,WWF rates Ikan Gelama Avoid for the stated Malaysia Bottom Trawl record. Avoid covers unsustainable or overfished fisheries and aquaculture systems with negative environmental impacts. SukaSeafood should communicate this as a high-risk choice without adding unsupported reasons.
26,Fish,Ikan Merah,Red Snapper,Lutjanus sebae,Reduce,Malaysia (East Coast &,Hook and line (Wild caught),,AIP,1,,Marine reef fish,"A red snapper associated with reefs and coastal waters, known for firm flesh and a bright reddish body.","Red snapper with firm flesh, associated with reefs and coastal waters.",WWF rates Ikan Merah Reduce for the stated Malaysia (East Coast & Hook and line record. Reduce covers fisheries at risk of becoming unsustainable or aquaculture with environmental risks. Consumers are advised to eat it occasionally when Best Choice options are unavailable.
27,Fish,Ikan Sebelah,Flounder,Pseudorhombus malayanus,Avoid,Malaysia,Trawl (Wild caught),,,1,,Marine demersal fish,"A bottom-dwelling flatfish with both eyes on one side of its body, living mainly over sandy or muddy seabeds.",Bottom-dwelling flatfish with both eyes positioned on one side.,WWF rates Ikan Sebelah Avoid for the stated Malaysia Trawl record. Avoid covers unsustainable or overfished fisheries and aquaculture systems with negative environmental impacts. SukaSeafood should communicate this as a high-risk choice without adding unsupported reasons.
28,Fish,Ikan Selar,Common Scad,Decapterus akaadsi,Reduce,Malaysia,Purse seine (Wild caught),,,1,,Marine pelagic fish,A small schooling scad common in tropical waters and a familiar fish in Malaysian seafood markets.,Small schooling scad commonly found in tropical waters and Malaysian markets.,"WWF notes Common Scad is a schooling species found in open water and around islands, often at roughly 40–200 metres. Stock health and species biology information is lacking, creating sustainability uncertainty. Purse seine is the common and more selective harvest method, supporting Reduce rather than Avoid."
29,Fish,Jenahak,John's Snapper,Lutjanus johnii,Avoid,Malaysia,Trawl (Wild caught),,AIP,1,,Marine reef fish,"A snapper associated with coastal and reef habitats, recognised for its coppery-red body and firm flesh.",Firm-fleshed snapper associated with coastal and reef habitats.,"WWF reports no stock assessments for John's Snapper and high vulnerability to fishing pressure. Regional fisheries are considered significantly overfished, while bottom trawling can threaten turtles and damage corals and other benthic habitats. Juvenile and non-target catches are also concerns, supporting Avoid."
30,Fish,Jerung / Yu,All Sharks,Elasmobranchii,Avoid,Malaysia and Global,Trawl/ Hook and line (Wild caught),,,1,,Marine cartilaginous fish,A broad group of sharks that occupy many marine habitats and play important roles as ocean predators.,Sharks found across marine habitats and important as ocean predators.,"WWF highlights overfishing and demand for shark fins and meat as major pressures on sharks. Sharks are also important predators in marine ecosystems. Given these conservation pressures and the Malaysia/global wild-caught context, WWF places the shark category in Avoid."
31,Fish,Kekacang,Pickhandle Barracuda,Sphyraena jello,Avoid,Malaysia,Trawl (Wild caught),,,1,,Marine pelagic fish,"A fast predatory barracuda found in tropical coastal waters, recognisable by its elongated body and strong jaws.",Fast tropical coastal predator with an elongated body and strong jaws.,WWF rates Kekacang Avoid for the stated Malaysia Trawl record. Avoid covers unsustainable or overfished fisheries and aquaculture systems with negative environmental impacts. SukaSeafood should communicate this as a high-risk choice without adding unsupported reasons.
32,Fish,Kembung / Pelaling,Indian Mackerel,Rastrelliger kanagurta,Reduce,Malaysia,Purse seine (Wild caught),,,1,,Marine pelagic fish,"A small schooling mackerel widely eaten in Malaysia, with oily flesh and a strong place in everyday local cuisine.",Everyday Malaysian mackerel with oily flesh and strong local appeal.,WWF rates Kembung / Pelaling Reduce for the stated Malaysia Purse seine record. Reduce covers fisheries at risk of becoming unsustainable or aquaculture with environmental risks. Consumers are advised to eat it occasionally when Best Choice options are unavailable.
33,Fish,Kerapu Bebeh,Sixbar Grouper,Epinephelus sexfasciatus,Avoid,Malaysia (Peninsular),Trawl (Wild caught),,,1,,Marine reef fish,"A small grouper associated with reef and rocky coastal habitats and valued for its firm, white flesh.","Small reef-associated grouper valued for firm, white flesh.",WWF rates Kerapu Bebeh Avoid for the stated Malaysia (Peninsular) Trawl record. Avoid covers unsustainable or overfished fisheries and aquaculture systems with negative environmental impacts. SukaSeafood should communicate this as a high-risk choice without adding unsupported reasons.
34,Fish,Kerapu Bintik,Orange Spotted Grouper,Epinephelus coioides,Avoid,Malaysia,Bottom Trawl (Wild caught),,,1,,Marine reef fish,"A reef-associated grouper found in tropical coastal waters, commonly sold as a premium food fish in Southeast Asia.",Premium reef grouper commonly sold across Southeast Asian seafood markets.,"WWF notes Orange Spotted Grouper uses mangroves, coral reefs, estuaries, shallow seas and saline lagoons. It is commonly caught by bottom trawl, which is highly detrimental because the gear is non-selective, can damage habitat and can create bycatch of protected species. These risks support Avoid."
35,Fish,Kerapu Ekor Gelap,Duskytail Grouper,Epinephelus bleekeri,Avoid,Malaysia (Peninsular),Trawl (Wild caught),,,2,,Marine reef fish,"A grouper associated with tropical coastal habitats, with a sturdy body and firm, white flesh.","Firm, white-fleshed grouper associated with tropical coastal habitats.",WWF rates Kerapu Ekor Gelap Avoid for the stated Malaysia (Peninsular) Trawl record. Avoid covers unsustainable or overfished fisheries and aquaculture systems with negative environmental impacts. SukaSeafood should communicate this as a high-risk choice without adding unsupported reasons.
36,Fish,Kerapu Harimau,Brown-marble Grouper,Epinephelus fuscoguttatus,Reduce,Malaysia (Peninsular),Cage Culture (Farmed),,,2,,Marine reef fish,"A large, reef-associated grouper with a marbled pattern, commonly produced through marine cage aquaculture.",Large marbled grouper commonly produced through marine cage aquaculture.,WWF rates Kerapu Harimau Reduce for the stated Malaysia (Peninsular) Cage Culture record. Reduce covers fisheries at risk of becoming unsustainable or aquaculture with environmental risks. Consumers are advised to eat it occasionally when Best Choice options are unavailable.
37,Fish,Kerapu Kertang,Giant Grouper,Epinephelus lanceolatus,Avoid,Malaysia (Peninsular),Cage Culture (Farmed),,,2,,Marine reef fish,"A very large grouper that can inhabit reefs and coastal waters, reaching exceptional size compared with many groupers.",Very large grouper found around reefs and coastal waters.,WWF rates Kerapu Kertang Avoid for the stated Malaysia (Peninsular) Cage Culture record. Avoid covers unsustainable or overfished fisheries and aquaculture systems with negative environmental impacts. SukaSeafood should communicate this as a high-risk choice without adding unsupported reasons.
38,Fish,Kerapu Lumpur,Malabar Grouper,Epinephelus malabaricus,Avoid,Malaysia (Peninsular),Trawl (Wild caught),,,2,,Marine reef fish,"A large tropical grouper associated with coastal and reef habitats and known for its firm, white flesh.","Large tropical grouper valued for its firm, white flesh.",WWF rates Kerapu Lumpur Avoid for the stated Malaysia (Peninsular) Trawl record. Avoid covers unsustainable or overfished fisheries and aquaculture systems with negative environmental impacts. SukaSeafood should communicate this as a high-risk choice without adding unsupported reasons.
39,Fish,Kerapu Sunoh / Kerapu Bara,Coral Trout / Leopard Coral Grouper,Plectropomus spp.,Avoid,Malaysia,Hook and line (Wild caught),,,2,,Marine reef fish,A brightly coloured reef grouper associated with coral habitats and highly valued in Southeast Asian seafood markets.,Brightly coloured reef grouper highly valued in Southeast Asian markets.,"WWF describes this grouper fishery as data deficient, with no Malaysian stock assessments and major declines in fish productivity. The species is vulnerable to fishing pressure and linked to the high-value live reef fish trade. Although handline can be selective, removing reef predators can affect food webs and management is uneven, supporting Avoid."
40,Fish,Kerapu Tikus,Humpback Grouper,Cromileptes altivelis,Avoid,Malaysia (Peninsular),Cage culture (Farmed),,,2,,Marine reef fish,"A distinctive grouper with a rounded profile, associated with reef habitats and increasingly encountered in aquaculture.",Distinctive grouper associated with reefs and increasingly found in aquaculture.,WWF rates Kerapu Tikus Avoid for the stated Malaysia (Peninsular) Cage culture record. Avoid covers unsustainable or overfished fisheries and aquaculture systems with negative environmental impacts. SukaSeafood should communicate this as a high-risk choice without adding unsupported reasons.
41,Fish,Kerapu Tikus,Humpback Grouper,Cromileptis altivelis,Avoid,Malaysia (Sabah),Cyanide,,,2,,Marine reef fish,"A humpback grouper recognised by its distinctive head and body shape, associated with tropical reef environments.",Humpback grouper with a distinctive head and body shape.,WWF rates Kerapu Tikus Avoid for the stated Malaysia (Sabah) Cyanide record. Avoid covers unsustainable or overfished fisheries and aquaculture systems with negative environmental impacts. SukaSeafood should communicate this as a high-risk choice without adding unsupported reasons.
42,Fish,Kerepoh,Bigeye Trevally,Caranx sexfasciatus,Avoid,Malaysia,Trawl (Wild caught),,,2,,Marine pelagic fish,"A large trevally with a powerful build, commonly found around coastal reefs and deeper tropical waters.","Large, powerful trevally found around coastal reefs and deeper waters.",WWF rates Kerepoh Avoid for the stated Malaysia Trawl record. Avoid covers unsustainable or overfished fisheries and aquaculture systems with negative environmental impacts. SukaSeafood should communicate this as a high-risk choice without adding unsupported reasons.
43,Fish,Kerisi,Treadfin Breams,Nemipterus japiconus,Reduce,Malaysia,Trawl (Wild caught),,,2,,Marine demersal fish,A small to medium coastal bream found over sandy or muddy bottoms and widely represented in Asian fisheries.,Small to medium bream found over sandy or muddy bottoms.,WWF rates Kerisi Reduce for the stated Malaysia Trawl record. Reduce covers fisheries at risk of becoming unsustainable or aquaculture with environmental risks. Consumers are advised to eat it occasionally when Best Choice options are unavailable.
44,Fish,Kikek,Ponyfish,Leiognathus spp.,Reduce,Malaysia (Sabah),Lift Nets (WIld caught),,,2,,Marine demersal fish,Small schooling ponyfish associated with coastal waters and sandy or muddy seabeds.,Small schooling ponyfish associated with coastal waters and soft seabeds.,WWF rates Kikek Reduce for the stated Malaysia (Sabah) Lift Nets record. Reduce covers fisheries at risk of becoming unsustainable or aquaculture with environmental risks. Consumers are advised to eat it occasionally when Best Choice options are unavailable.
45,Fish,Kunyit-kunyit,Brownstripe Red Snapper,Lutjanus vitta,Avoid,Malaysia,Trawl (Wild caught),,,2,,Marine reef fish,A small red snapper associated with tropical coastal habitats and commonly caught by bottom-oriented fishing gears.,Small red snapper commonly caught around tropical coastal habitats.,WWF rates Kunyit-kunyit Avoid for the stated Malaysia Trawl record. Avoid covers unsustainable or overfished fisheries and aquaculture systems with negative environmental impacts. SukaSeafood should communicate this as a high-risk choice without adding unsupported reasons.
46,Fish,Kurau,Striped Threadfin,Polydactylus plebeius,Reduce,Malaysia,Drift/ Gillnets (WIld caught),,,2,,Marine-estuarine fish,A long-bodied threadfin that lives in coastal and estuarine waters and is valued for its firm flesh.,"Long-bodied threadfin from coastal and estuarine waters, valued for firm flesh.",WWF rates Kurau Reduce for the stated Malaysia Drift/ Gillnets record. Reduce covers fisheries at risk of becoming unsustainable or aquaculture with environmental risks. Consumers are advised to eat it occasionally when Best Choice options are unavailable.
47,Fish,Mameng,Humphead Wrasse,Cheilinus undulatus,Avoid,Malaysia (Sabah),Hook and line (Wild caught),,,2,,Marine reef fish,"A large, slow-growing wrasse closely associated with coral reefs and recognisable by its thick lips and hump-shaped head.",Large slow-growing wrasse closely associated with coral reefs.,"WWF identifies Humphead Wrasse as a long-lived, slow-breeding reef species. It is Endangered on the IUCN Red List and listed in CITES Appendix II. Overfishing, habitat destruction, cyanide fishing and fish bombing are major threats, making the Malaysian Sabah wild-caught record an Avoid choice."
48,Fish,Mata Besar / Lolong,Bigeye Scad,Selar crumenophthalmus,Reduce,Malaysia (Peninsular),Purse seine (Wild caught),,,2,,Marine pelagic fish,A schooling scad found in coastal and offshore waters and commonly landed in tropical Southeast Asian fisheries.,Schooling scad found in coastal and offshore tropical waters.,WWF rates Mata Besar / Lolong Reduce for the stated Malaysia (Peninsular) Purse seine record. Reduce covers fisheries at risk of becoming unsustainable or aquaculture with environmental risks. Consumers are advised to eat it occasionally when Best Choice options are unavailable.
49,Fish,Parang,Dorab Wolf-herring,Chirocentrus dorab,Avoid,Malaysia (Peninsular),Trawl (Wild caught),,,2,,Marine pelagic fish,"A long, slender marine predator with a streamlined body, often found in tropical coastal and open-water habitats.","Long, slender marine predator found in tropical coastal and open waters.",WWF rates Parang Avoid for the stated Malaysia (Peninsular) Trawl record. Avoid covers unsustainable or overfished fisheries and aquaculture systems with negative environmental impacts. SukaSeafood should communicate this as a high-risk choice without adding unsupported reasons.
50,Fish,Pari,All Rays,Chondrichthyes,Avoid,Malaysia and Global,Trawl/ Gillnets ((Wild caught),,,2,,Marine cartilaginous fish,"A broad group of rays with flattened bodies and wing-like fins, found across many marine habitats.",Flattened marine rays with wing-like fins found across many habitats.,"WWF states overfishing is the largest threat to rays. Some ray fins enter the shark-fin trade, while ray and skate meat is also consumed. Because assessed fisheries use trawls and gillnets and cover vulnerable ray groups, WWF places this record in Avoid to reduce pressure on ray populations and marine ecosystems."
51,Fish,Patin,Pangasius,Pangasius bocourti,Best Choice,Vietnam,Farmed,ASC,,2,,Freshwater fish,"A freshwater catfish farmed widely in Southeast Asia, valued for its mild flavour and soft, white flesh.","Mild, soft-white freshwater catfish widely farmed across Southeast Asia.","WWF rates Vietnamese farmed Pangasius Best Choice and records Aquaculture Stewardship Council certification. Best Choice is for preferred seafood from well-managed stocks or lower-impact aquaculture. For this record, farmed production combined with ASC certification supports the preferred-choice rating and provides an additional signal of responsible farming and traceability."
52,Fish,Pelata,Blackfin Scad,Alepes melanoptera,Reduce,Malaysia,Purse seine (Wild caught),,,2,,Marine pelagic fish,A small tropical scad that forms schools in coastal waters and is commonly caught by purse seine fisheries.,Small tropical schooling scad commonly caught by purse seine fisheries.,WWF rates Pelata Reduce for the stated Malaysia Purse seine record. Reduce covers fisheries at risk of becoming unsustainable or aquaculture with environmental risks. Consumers are advised to eat it occasionally when Best Choice options are unavailable.
53,Fish,Selar Kuning,Yellowtail Scad,Selaroides leptolepis,Avoid,Malaysia,Demersal gillnets (Wild caught),,,2,,Marine pelagic fish,A small yellow-tailed scad associated with tropical coastal waters and commonly caught in nearshore fisheries.,Small yellow-tailed scad common in tropical coastal waters.,"WWF describes this fishery as very data deficient, with biology and vulnerability to fishing mortality not well assessed. Given widespread overfishing in the Indo-Pacific and Malaysia/Indonesia, stocks are considered likely to be overfished. Bottom-set gillnets can also be non-selective and affect protected species, supporting Avoid."
54,Fish,Siakap Merah,Mangrove Red Snapper,Lutjanus argentimaculatus,Avoid,Malaysia (Peninsular),Cage/ Pond culture (Farmed),,AIP,2,,Marine-estuarine fish,A mangrove-associated snapper that can live in estuaries and coastal waters and is valued as a food fish.,Mangrove-associated snapper found in estuaries and coastal waters.,"WWF rates Malaysian Peninsular Mangrove Red Snapper Avoid for cage/pond culture and points consumers toward WWF-Malaysia's Aquaculture Improvement Project. The S.O.S. Guide gives no longer species-specific explanation for this entry, so the user-facing context should focus on the higher-risk conventional farming pathway and the improved AIP alternative."
55,Fish,Siakap Putih,Asian seabass / Barramundi,Lates calcarifer,Avoid,Malaysia,Pond culture (Farmed),,AIP,2,,Marine-estuarine fish,"A versatile Asian seabass found in estuaries, coastal waters and farms, known for its mild flavour and firm flesh.","Mild-flavoured Asian seabass with firm flesh, found wild and farmed.","WWF highlights risks in Malaysian barramundi pond farming, including soil fertility and salinisation effects on soil and water. Some farms also depend on trash fish, creating high Fish Feed Dependency Ratios. Although ponds can reduce disease risk versus open cages, WWF still rates this record Avoid and points to AIP alternatives."
56,Fish,Tamban / Sardin,Sardine,Spratelloides gracilis,Reduce,Malaysia,Purse seine (Wild caught),,,2,,Marine pelagic fish,A small schooling sardine associated with warm coastal waters and widely used as a food fish in Southeast Asia.,Small schooling sardine widely used as food fish in Southeast Asia.,WWF rates Tamban / Sardin Reduce for the stated Malaysia Purse seine record. Reduce covers fisheries at risk of becoming unsustainable or aquaculture with environmental risks. Consumers are advised to eat it occasionally when Best Choice options are unavailable.
57,Fish,Tenggiri,Narrow-barred Spanish Mackerel,Scomberomorus commerson,Reduce,Malaysia,Hook and line (WIld caught),,,2,1,Marine pelagic fish,"A large, fast-swimming mackerel with firm flesh, widely consumed in Malaysia and other tropical Asian markets.","Large fast-swimming mackerel with firm flesh, widely eaten in Malaysia.","WWF assesses the same Narrow-barred Spanish Mackerel differently by fishing method. Hook-and-line is highly selective with lower bycatch and discards, so that record is Reduce; the gillnet record is Avoid. WWF also notes the species is Near Threatened, stocks are not fully assessed across its range and catch data are limited."
58,Fish,Tenggiri,Narrow-barred Spanish Mackerel,Scomberomorus commerson,Avoid,Malaysia,Gillnets (Wild caught),,,2,,Marine pelagic fish,"A large, fast-swimming mackerel with firm flesh, widely consumed in Malaysia and other tropical Asian markets.","Large fast-swimming mackerel with firm flesh, widely eaten in Malaysia.",WWF rates Tenggiri Avoid for the stated Malaysia Gillnets record. Avoid covers unsustainable or overfished fisheries and aquaculture systems with negative environmental impacts. SukaSeafood should communicate this as a high-risk choice without adding unsupported reasons.
59,Fish,Terubok,Longtail Shad,Tenualosa macrura,Reduce,Malaysia,Gillnets (Wild caught),,,2,,Anadromous fish,"A long-bodied shad associated with coastal waters and river-influenced habitats, important in regional fisheries.",Long-bodied shad associated with coastal waters and river-influenced habitats.,WWF rates Terubok Reduce for the stated Malaysia Gillnets record. Reduce covers fisheries at risk of becoming unsustainable or aquaculture with environmental risks. Consumers are advised to eat it occasionally when Best Choice options are unavailable.
60,Fish,Tilapia,Tilapia,Oreochromis Niloticus,Reduce,Malaysia,Cage/ Pond culture (Farmed),,,2,,Freshwater fish,"A hardy freshwater tilapia commonly farmed for its mild flavour, firm flesh and adaptable production conditions.","Hardy freshwater fish widely farmed for its mild, firm flesh.","WWF provides two Malaysian tilapia assessments. The general cage/pond-culture record is Reduce, while the Hulu Perak cage-culture record is Best Choice and ASC certified. WWF notes ASC-certified tilapia is available from Tasik Temenggor, Perak, showing that production location and responsible farming practices can materially change the sustainability assessment."
61,Fish,Tilapia,Tilapia,Oreochromis Niloticus,Best Choice,Malaysia (Hulu Perak),Cage Culture (Farmed),ASC,,2,,Freshwater fish,"A farmed Nile tilapia associated with freshwater culture systems and valued as an accessible, mild-flavoured food fish.",Farmed Nile tilapia valued for its mild flavour and accessible production.,"WWF rates Tilapia Best Choice for the stated Malaysia (Hulu Perak) Cage Culture record. Best Choice is reserved for preferred seafood from well-managed, non-overexploited fisheries or lower-impact aquaculture. WWF therefore presents this record as a preferred seafood option."
62,Fish,Tongkol,Longtail Tuna,Thunnus tonggol,Reduce,Malaysia,Purse seine (Wild caught),,,2,,Marine pelagic fish,A tropical tuna that lives in coastal and offshore waters and is widely used in Southeast Asian fisheries.,Tropical tuna found in coastal and offshore Southeast Asian waters.,WWF rates Tongkol Reduce for the stated Malaysia Purse seine record. Reduce covers fisheries at risk of becoming unsustainable or aquaculture with environmental risks. Consumers are advised to eat it occasionally when Best Choice options are unavailable.
63,Fish,Tongkol Kurik,Eastern Little Tuna,Euthynnus affinis,Reduce,Malaysia,Purse seine (Wild caught),,,2,,Marine pelagic fish,"A small tropical tuna with firm flesh, commonly found in warm coastal and offshore waters.",Small tropical tuna with firm flesh from warm coastal waters.,WWF rates Tongkol Kurik Reduce for the stated Malaysia Purse seine record. Reduce covers fisheries at risk of becoming unsustainable or aquaculture with environmental risks. Consumers are advised to eat it occasionally when Best Choice options are unavailable.
64,Fish,Tongkol Selasih,Frigate Tuna,Auxis thazard,Reduce,Malaysia,Purse seine (Wild caught),,,2,,Marine pelagic fish,"A small tuna species found in warm ocean waters, recognised by its compact body and strong swimming ability.","Compact, strong-swimming tuna found in warm ocean waters.",WWF rates Tongkol Selasih Reduce for the stated Malaysia Purse seine record. Reduce covers fisheries at risk of becoming unsustainable or aquaculture with environmental risks. Consumers are advised to eat it occasionally when Best Choice options are unavailable.